<?xml version="1.0" encoding="UTF-8" standalone="yes"?>
<addon id="repository.Xanax" name="[COLOR blue][B]Xanax[/B][/COLOR]Wizard Repository" version="2.0" provider-name="Xanax">
    <extension point="xbmc.addon.repository" name="[COLOR limegreen][B]Xanax[/B][/COLOR]Wizard Repository">
        <dir minversion="18.0" maxversion="18.9.0">
            <info compressed="false">https://team-xanax.github.io/leia/zips/addons.xml</info>
            <checksum>https://team-xanax.github.io/leia/zips/addons.xml.md5</checksum>
            <datadir zip="true">https://team-xanax.github.io/leia/zips/</datadir>
        </dir>
        <dir minversion="18.9.9">
            <info compressed="false">https://team-xanax.github.io/matrix/zips/addons.xml</info>
            <checksum>https://team-xanax.github.io/matrix/zips/addons.xml.md5</checksum>
            <datadir zip="true">https://team-xanax.github.io/matrix/zips/</datadir>
        </dir>
    </extension>
    
    <extension point="xbmc.addon.metadata">
        <summary>[COLOR blue][B]Xanax[/B][/COLOR]Wizard</summary>
        <description>The official home of [COLOR limegreen][B]Xanax[/B][/COLOR]Wizard.</description>
        <disclaimer></disclaimer>
        <platform>all</platform>
        <assets>
            <icon>icon.png</icon>
            <fanart>fanart.jpg</fanart>
        </assets>
        <source>https://team-xanax.github.io/zips/repository.Xanax/</source>
    </extension>
</addon>