<?xml version="1.0" encoding="UTF-8"?>
<shortcuts>
	<shortcut>
		<defaultID>moviesrecent</defaultID>
		<label>$LOCALIZE[31998]</label>
		<label2 />
		<icon />
		<thumb />
		<action>ActivateWindow(Videos,videodb://recentlyaddedmovies/,return)</action>
	</shortcut>
	<shortcut>
		<defaultID>moviessets</defaultID>
		<label>$LOCALIZE[20434]</label>
		<label2 />
		<icon />
		<thumb />
		<action>ActivateWindow(Videos,videodb://movies/sets/,return)</action>
	</shortcut>
	<shortcut>
		<defaultID>moviestitles</defaultID>
		<label>$LOCALIZE[1024]</label>
		<label2 />
		<icon />
		<thumb />
		<action>ActivateWindow(Videos,MovieTitles,return)</action>
	</shortcut>
	<shortcut>
		<defaultID>moviesgenres</defaultID>
		<label>$LOCALIZE[135]</label>
		<label2 />
		<icon />
		<thumb />
		<action>ActivateWindow(Videos,videodb://movies/genres/,return)</action>
	</shortcut>
	<shortcut>
		<defaultID>moviesyears</defaultID>
		<label>$LOCALIZE[652]</label>
		<label2 />
		<icon />
		<thumb />
		<action>ActivateWindow(Videos,videodb://movies/years/,return)</action>
	</shortcut>
	<shortcut>
		<defaultID>moviesactors</defaultID>
		<label>$LOCALIZE[344]</label>
		<label2 />
		<icon />
		<thumb />
		<action>ActivateWindow(Videos,MovieActors,return)</action>
	</shortcut> 
</shortcuts>