<?xml version="1.0" encoding="utf-8"?>
<shortcuts>
	<shortcut>
		<defaultID>radiochannels</defaultID>
		<label>$LOCALIZE[19019]</label>
		<label2 />
		<icon />
		<thumb />
		<action>ActivateWindow(RadioChannels)</action>
	</shortcut>
	<shortcut>
		<defaultID>radioguide</defaultID>
		<label>$LOCALIZE[22020]</label>
		<label2 />
		<icon />
		<thumb />
		<action>ActivateWindow(RadioGuide)</action>
	</shortcut>
	<shortcut>
		<defaultID>radiorecordings</defaultID>
		<label>$LOCALIZE[19163]</label>
		<label2 />
		<icon />
		<thumb />
		<action>ActivateWindow(RadioRecordings)</action>
	</shortcut>
	<shortcut>
		<defaultID>radiotimers</defaultID>
		<label>$LOCALIZE[19040]</label>
		<label2 />
		<icon />
		<thumb />
		<action>ActivateWindow(RadioTimers)</action>
	</shortcut>
	<shortcut>
		<defaultID>radiotimerrules</defaultID>
		<label>$LOCALIZE[19138]</label>
		<label2 />
		<icon />
		<thumb />
		<action>ActivateWindow(RadioTimerRules)</action>
	</shortcut>
	    
	<shortcut>
		<defaultID>radiosearch</defaultID>
		<label>$LOCALIZE[137]</label>
		<label2 />
		<icon />
		<thumb />
		<action>ActivateWindow(RadioSearch)</action>
	</shortcut>
</shortcuts>