<?xml version="1.0" encoding="UTF-8"?>
<window>
    <defaultcontrol always="true">9000</defaultcontrol>
    
	<include condition="!Skin.HasSetting(InitialSetUpRun)">DefaultInitialSetup</include>
    <include condition="!Skin.HasSetting(Updates_V312)">UpdatesV312</include>
    <include condition="!Skin.HasSetting(Updates_V320)">UpdatesV320</include>
    <include condition="!Skin.HasSetting(Updates_V335)">UpdatesV335</include>
    <include condition="!Skin.HasSetting(Updates_V337)">UpdatesV337</include>
    <include condition="!Skin.HasSetting(Updates_V403)">UpdatesV403</include>
	<include condition="!Skin.HasSetting(Updates_V415)">UpdatesV415</include>
    
	<onload condition="!String.IsEmpty(Window(Home).Property(MenuItemSelected))">ClearProperty(MenuItemSelected,Home)</onload>
    <onload condition="!String.IsEmpty(Window(Home).Property(MenuItemActive))">ClearProperty(MenuItemActive,Home)</onload>
    <onload condition="!String.IsEmpty(Window(Home).Property(SubMenuBackground))">ClearProperty(SubMenuBackground,Home)</onload>
    <onload condition="!String.IsEmpty(Window(Home).Property(MenuBackground))">ClearProperty(MenuBackground,Home)</onload>
    <onload condition="Skin.HasSetting(HolidayEffects) + System.Date(1-6,11-23)">Skin.Reset(HolidayEffects)</onload>
    <onload condition="String.IsEmpty(Window.Property(PingAlarmSet)) + Skin.HasSetting(EnablePingWOL) + Skin.String(WOLPingTimer) + Skin.String(PingMacAddr)">AlarmClock(WOLPingAlarm,WakeOnLan($INFO[Skin.String(PingMacAddr)]),$INFO[Skin.String(WOLPingTimer)]:00,silent,loop)</onload>
    <onload condition="Skin.HasSetting(EnablePingWOL) + Skin.String(WOLPingTimer) + Skin.String(PingMacAddr)">SetProperty(PingAlarmSet,1)</onload>
    <onload condition="System.HasAddon(script.favourites) + Skin.HasSetting(EnableScriptFavourites)">RunScript(script.favourites)</onload>
    <onload condition="!Skin.HasSetting(DisableSlideShowArt)">RunScript(script.artistslideshow, daemon=True)</onload>
    <onload condition="!String.IsEmpty(Weather.Plugin) + !Weather.IsFetched">Weather.Refresh</onload>
    <onload condition="!Skin.HasSetting(Use.Skinshortcuts) + String.IsEmpty(Window.Property(ReturnHome))">Control.Move(9000,$INFO[Skin.String(InitialMenuItem)])</onload>
    <onload condition="!Skin.HasSetting(Use.Skinshortcuts) + String.IsEmpty(Window.Property(ReturnHome))">SetProperty(ReturnHome,True)</onload>
    <onload condition="String.IsEmpty(Skin.String(SkinFanart.Name)) + String.IsEmpty(Skin.String(AlternativeBackgroundPath)) + !Skin.HasSetting(DontAskBackgroundFanart) + Window.Previous(startup.xml)">ActivateWindow(1194)</onload>
    
	<!-- Build menu/submenus/widgets if skinshortcuts enabled -->
	<onload condition="System.AddonIsEnabled(script.skinshortcuts) + Skin.HasSetting(Use.SkinShortcuts)">RunScript(script.skinshortcuts,type=buildxml&amp;mainmenuID=9000&amp;group=mainmenu|powermenu&amp;levels=2)</onload>
	
    <controls>
        
		<!-- Hidden list for video node statistics - uses service.library.data.provider -->
		<include condition="Skin.HasSetting(EnableHomeStats) + Skin.HasSetting(EnableScriptStats) + System.HasAddon(service.library.data.provider)">VideoNodeStatsList</include>
		
		<!-- Hidden fadelabel for widget extra fanart -->
		<include condition="Skin.HasSetting(EnableExtraFanart)">HomeWidgetExtraFanart</include>
		
		<!-- Global background -->
		<include>CommonBackground</include>
        <!-- Background effects -->
		<include condition="Skin.HasSetting(EnableRainDropEffect) | Skin.HasSetting(HolidayEffects)">AnimatedBackgroundEffect</include>
        <!-- Floor -->
		<control type="image">
            <depth>DepthFloor</depth>
            <left>-30</left>
            <top></top>
            <bottom>0</bottom>
            <width>1980</width>
            <height>375</height>
            <texture>floor.png</texture>
            <animation effect="slide" time="200" condition="Window.Previous(Home)">WindowOpen</animation>
            <animation effect="slide" time="200" condition="Window.Next(Home)">WindowClose</animation>
            <include condition="!String.IsEmpty(Skin.String(HomeTrans))">HomeTransparentEffect</include>
            <animation effect="fade" start="100" end="65" time="0" condition="String.IsEmpty(Skin.String(HomeTrans)) + Skin.String(HomeFloor,Transparent)">Conditional</animation>
            <visible>!String.IsEmpty(Skin.String(HomeFloor))</visible>
        </control>
        
		<!-- Top left info -->
		<include>TopLeftInfo</include>
        
		<!-- Now Playing info -->
		<!-- Music Info -->
        <include>NowPlayingMusic</include>
        <!-- LiveTV Info -->
        <include>NowPlayingPVR</include>
        <!-- Video Info -->
        <include>NowPlayingVideo</include>
        
		<!-- Suggested Media Info -->
        <include>HomeSuggestedMedia</include>
		
		<!-- Widgets -->
        <include>HomeWidgetDisplay</include>
        
		<control type="button" id="9003">
            <description>Hidden Button to pass through navigation when widgets are disabled</description>
            <left>-30</left>
            <top>-30</top>
            <width>1</width>
            <height>1</height>
            <label></label>
            <font></font>
            <texturefocus></texturefocus>
            <texturenofocus></texturenofocus>
            <onleft>9000</onleft>
            <onright>9000</onright>
            <onup>21</onup>
            <ondown condition="Skin.HasSetting(LowerMainMenuBar)">9002</ondown>
            <ondown condition="!Skin.HasSetting(LowerMainMenuBar) + !Skin.HasSetting(DisableGlobalSearch) + !Skin.HasSetting(FloorGlobalSearch)">610</ondown>
            <ondown condition="!Skin.HasSetting(LowerMainMenuBar) + [Skin.HasSetting(DisableGlobalSearch) | Skin.HasSetting(FloorGlobalSearch)]">603</ondown>
            <visible>false</visible>
        </control>
        
		<!-- Player controls for now playing media -->
		<include>NowPlayingMediaControls</include>
        
		<!-- Menu and Submenu -->
		<control type="group">
            <depth>DepthMenu</depth>
            <top>600</top>
            <animation effect="slide" start="0,0" end="0,-45" time="0" condition="!String.IsEmpty(Skin.String(MenuLAF))">Conditional</animation>
            <animation effect="slide" start="0,0" end="0,240" time="0" condition="Skin.HasSetting(LowerMainMenuBar)">Conditional</animation>
            <animation type="WindowOpen" reversible="false">
                <effect type="zoom" start="80" end="100" center="960,540" easing="out" tween="back" time="225" />
                <effect type="fade" start="0" end="100" time="225" />
            </animation>
            <animation type="WindowClose" reversible="false">
                <effect type="zoom" start="100" end="80" center="960,540" easing="in" tween="back" time="225" />
                <effect type="fade" start="100" end="0" time="225" />
            </animation>
            <!-- Submenu -->
			<include condition="!Skin.HasSetting(Use.Skinshortcuts)">HomeSubMenuControl</include>
			<include condition="Skin.HasSetting(Use.Skinshortcuts)">SkinShortcutsSubMenu</include>
            <!-- Menu -->
			<include condition="Skin.HasSetting(WrapAroundHomeMenu)">WrapHomeMainMenu</include>
            <include condition="!Skin.HasSetting(WrapAroundHomeMenu)">FixedHomeMainMenu</include>
        </control>
		
        <!-- Addon set below menu -->
		<include condition="!Skin.HasSetting(Use.Skinshortcuts)">HomeAddonsDisplay</include>
		<include condition="Skin.HasSetting(Use.Skinshortcuts)">SkinshortcutsAddonsDisplay</include>
        
		<!-- RSS Feed / 5 next songs -->
		<include>HomeRSS</include>
		
        <!-- Bottom left buttons: Power, Favorite, Search -->
		<include>HomeBottomButtons</include>
		
		<!-- Header info: Clock and Date -->
        <control type="group">
            <depth>DepthHeader</depth>
            <include>Clock</include>
            <include>Date</include>
        </control>
		
    </controls>
</window>
